resampler,roc_auc,mse,recall
SMOTEENN,0.7465044682077949,0.2563087248322148,0.6963650228774784
SMOTE,0.7611125739086277,0.2389261744966443,0.7604219623792577
AllKNN,0.7491438658224759,0.25771812080536916,0.6268429079816981
RandomUnderSampler,0.7602917926793226,0.24033557046979867,0.7491103202846975
